{
  "_meta": {
    "models": {
      "monthlyPayroll": "Monthly salary calculations for Monthly employees including base salary, bonuses, penalties, and encashments.",
      "adhocPayments": "One-off payment records for Ad-hoc employees — work description, amount, and date. No salary calculation.",
      "advances": "Salary advances given to Monthly employees and their repayment status.",
      "ledger": "Historical log of all completed financial transactions for audit and tracking.",
      "settlementWorkspace": "Pending items for the current month that require user decisions on holiday imbalances (Monthly employees only)."
    },
    "relationships": [
      "Monthly Payroll records belong to Monthly Employments (linked by employmentId)",
      "Ad-hoc Payments belong to Ad-hoc Employments (separate from monthly payroll)",
      "Advances are only for Monthly employees and tracked for repayment",
      "Ledger entries are created when transactions are finalized",
      "Settlement items are generated based on holiday balance discrepancies"
    ]
  },
  "summary": {
    "totalMonthlyPayroll": 97000,
    "totalAdhocPayments": 3500,
    "outstandingAdvances": 15000,
    "pendingSettlements": 2
  },
  "monthlyPayroll": [
    {
      "id": "pay-2024-01-emp-001",
      "employmentId": "emp-001",
      "employeeName": "Lakshmi Devi",
      "employmentType": "monthly",
      "baseSalary": 18000,
      "bonuses": 500,
      "penalties": 0,
      "encashments": 0,
      "advanceRepayment": 0,
      "netPayable": 18500,
      "status": "pending_settlement",
      "holidayImbalance": -2
    },
    {
      "id": "pay-2024-01-emp-002",
      "employmentId": "emp-002",
      "employeeName": "Raju Sharma",
      "employmentType": "monthly",
      "baseSalary": 22000,
      "bonuses": 0,
      "penalties": 733,
      "encashments": 0,
      "advanceRepayment": 2000,
      "netPayable": 19267,
      "status": "calculated",
      "holidayImbalance": -1
    },
    {
      "id": "pay-2024-01-emp-003",
      "employmentId": "emp-003",
      "employeeName": "Meena Kumari",
      "employmentType": "monthly",
      "baseSalary": 20000,
      "bonuses": 0,
      "penalties": 0,
      "encashments": 0,
      "advanceRepayment": 0,
      "netPayable": 20000,
      "status": "calculated",
      "holidayImbalance": 0
    },
    {
      "id": "pay-2024-01-emp-004",
      "employmentId": "emp-004",
      "employeeName": "Suresh Kumar",
      "employmentType": "monthly",
      "baseSalary": 12000,
      "bonuses": 0,
      "penalties": 0,
      "encashments": 0,
      "advanceRepayment": 0,
      "netPayable": 12000,
      "status": "calculated",
      "holidayImbalance": 0
    },
    {
      "id": "pay-2024-01-emp-005",
      "employmentId": "emp-005",
      "employeeName": "Priya Singh",
      "employmentType": "monthly",
      "baseSalary": 25000,
      "bonuses": 0,
      "penalties": 0,
      "encashments": 0,
      "advanceRepayment": 0,
      "netPayable": 25000,
      "status": "pending_settlement",
      "holidayImbalance": 12
    }
  ],
  "adhocPayments": [
    {
      "id": "adhoc-001",
      "employmentId": "emp-007",
      "employeeName": "Mohan Lal",
      "employmentType": "adhoc",
      "description": "Fixed kitchen sink plumbing issue",
      "amount": 1500,
      "date": "2024-01-08",
      "status": "paid",
      "receipts": [
        {
          "id": "rcpt-adhoc-001",
          "url": "https://receipts.example.com/adhoc-001/cash-payment.png",
          "fileName": "plumber-payment-jan2024.png",
          "fileType": "image",
          "uploadedAt": "2024-01-08T11:30:00Z"
        }
      ]
    },
    {
      "id": "adhoc-002",
      "employmentId": "emp-007",
      "employeeName": "Mohan Lal",
      "employmentType": "adhoc",
      "description": "Repaired bathroom water heater connection",
      "amount": 2000,
      "date": "2024-01-15",
      "status": "paid",
      "receipts": []
    }
  ],
  "advances": [
    {
      "id": "adv-1",
      "employmentId": "emp-002",
      "employeeName": "Raju Sharma",
      "amount": 10000,
      "date": "2023-11-15",
      "repaidAmount": 4000,
      "monthlyDeduction": 2000,
      "reason": "Emergency home repair",
      "status": "active"
    },
    {
      "id": "adv-2",
      "employmentId": "emp-004",
      "employeeName": "Suresh Kumar",
      "amount": 5000,
      "date": "2024-01-05",
      "repaidAmount": 0,
      "monthlyDeduction": 1000,
      "reason": "Medical expenses",
      "status": "active"
    }
  ],
  "ledger": [
    {
      "id": "tr-101",
      "employmentId": "emp-001",
      "employeeName": "Lakshmi Devi",
      "employmentType": "monthly",
      "date": "2023-12-31",
      "type": "Salary",
      "amount": 18000,
      "status": "Paid",
      "reference": "Dec 2023 Payroll",
      "receipts": [
        {
          "id": "rcpt-001",
          "url": "https://receipts.example.com/tr-101/bank-transfer.png",
          "fileName": "bank-transfer-dec2023.png",
          "fileType": "image",
          "uploadedAt": "2023-12-31T14:30:00Z"
        }
      ]
    },
    {
      "id": "tr-102",
      "employmentId": "emp-002",
      "employeeName": "Raju Sharma",
      "employmentType": "monthly",
      "date": "2023-12-31",
      "type": "Salary",
      "amount": 22000,
      "status": "Paid",
      "reference": "Dec 2023 Payroll",
      "receipts": [
        {
          "id": "rcpt-002",
          "url": "https://receipts.example.com/tr-102/upi-screenshot.png",
          "fileName": "upi-payment-dec2023.png",
          "fileType": "image",
          "uploadedAt": "2023-12-31T15:00:00Z"
        },
        {
          "id": "rcpt-003",
          "url": "https://receipts.example.com/tr-102/salary-slip.pdf",
          "fileName": "salary-slip-dec2023.pdf",
          "fileType": "pdf",
          "uploadedAt": "2023-12-31T15:05:00Z"
        }
      ]
    },
    {
      "id": "tr-103",
      "employmentId": "emp-002",
      "employeeName": "Raju Sharma",
      "employmentType": "monthly",
      "date": "2023-11-15",
      "type": "Advance",
      "amount": 10000,
      "status": "Disbursed",
      "reference": "Emergency Home Repair",
      "receipts": [
        {
          "id": "rcpt-004",
          "url": "https://receipts.example.com/tr-103/cash-acknowledgment.png",
          "fileName": "advance-acknowledgment.png",
          "fileType": "image",
          "uploadedAt": "2023-11-15T10:30:00Z"
        }
      ]
    },
    {
      "id": "tr-104",
      "employmentId": "emp-003",
      "employeeName": "Meena Kumari",
      "employmentType": "monthly",
      "date": "2023-12-31",
      "type": "Salary",
      "amount": 20000,
      "status": "Paid",
      "reference": "Dec 2023 Payroll",
      "receipts": []
    },
    {
      "id": "tr-105",
      "employmentId": "emp-007",
      "employeeName": "Mohan Lal",
      "employmentType": "adhoc",
      "date": "2023-08-20",
      "type": "AdhocPayment",
      "amount": 800,
      "status": "Paid",
      "reference": "Fixed leaky tap in guest bathroom",
      "receipts": []
    }
  ],
  "settlementWorkspace": [
    {
      "employmentId": "emp-001",
      "name": "Lakshmi Devi",
      "days": 2,
      "type": "excess_absence",
      "dailyRate": 600,
      "potentialPenalty": 1200,
      "options": ["penalize", "carry_forward"]
    },
    {
      "employmentId": "emp-005",
      "name": "Priya Singh",
      "days": 12,
      "type": "unused_leave",
      "dailyRate": 833,
      "potentialEncashment": 9996,
      "options": ["encash", "carry_forward", "lapse"]
    }
  ]
}
